<?xml version="1.0" encoding="utf-8"?>
<!DOCTYPE mapper PUBLIC
"-//mybatis.org//DTD Mapper 3.0//EN"
"http://mybatis.org/dtd/mybatis-3-mapper.dtd">
<mapper namespace="memberMapper">

	<resultMap id="resultMap" type="Member">
		<id property="userid" column="userid" />
		<result property="userpwd" column="userpwd" />
		<result property="username" column="username" />
		<result property="gender" column="gender" />
		<result property="age" column="age" />
		<result property="phone" column="phone" />
		<result property="email" column="email" />
		<result property="hobby" column="hobby" />
		<result property="etc" column="etc" />
		<result property="enroll_date" column="enroll_date" />
		<result property="lastmodified" column="lastmodified" />
	</resultMap>
	
	<select id="selectLogin" parameterType="Member" resultMap="resultMap">
		select * from member where userid = #{userid} and userpwd = #{userpwd} 
	</select>
	<select id="selectCheckId" parameterType="string" resultType="_int">
		select count(userid) from member where userid = #{userid}
	</select>
	<insert id="insertMember" parameterType="Member">
		insert into member values (#{userid}, #{userpwd}, #{username}, #{gender}, #{age}, #{phone}, #{email}, #{hobby}, #{etc}, sysdate, sysdate)
	</insert>
	<select id="selectMember" parameterType="string" resultMap="resultMap">
		select * from member where userid = #{userid}
	</select>
	<update id="updateMember" parameterType="Member">
		update member set userpwd = #{userpwd}, age = #{age}, email = #{email}, phone = #{phone}, etc = #{etc}, hobby = #{hobby} where userid = #{userid}
	</update>
	<delete id="deleteMember" parameterType="string">
		delete from member where userid = #{userid}
	</delete>
	<select id="selectList" resultMap="resultMap">
		select * from member
	</select>
</mapper>
