<?xml version="1.0" encoding="utf-8"?>
<!DOCTYPE configuration PUBLIC
"-//mybatis.org//DTD Config 3.0//EN"
"http://mybatis.org/dtd/mybatis-3-config.dtd">
<configuration>
	<typeAliases>		
		<typeAlias type="org.kh.first.member.model.vo.Member" alias="Member" />
		<!-- <typeAlias type="org.kh.first.notice.model.vo.Notice" alias="Notice" />
		<typeAlias type="org.kh.first.board.model.vo.Board" alias="Board" /> -->
	</typeAliases>
	<mappers>
	<!-- 쿼리문 저장용 매퍼 xml 파일 : 필수 -->
	<!-- 주의 : 등록된 매퍼 파일 안의 쿼리문 오류가 있으면
		톰캣 실행 안 됨. config파일도 오류로 처리됨. -->
		<mapper resource="mappers/member-mapper.xml" />
		<!-- <mapper resource="mappers/notice-mapper.xml" />
		<mapper resource="mappers/board-mapper.xml" /> -->
	</mappers>
</configuration>
